mfcc_1_mean,mfcc_1_std,mfcc_2_mean,mfcc_2_std,mfcc_3_mean,mfcc_3_std,mfcc_4_mean,mfcc_4_std,mfcc_5_mean,mfcc_5_std,mfcc_6_mean,mfcc_6_std,mfcc_7_mean,mfcc_7_std,mfcc_8_mean,mfcc_8_std,mfcc_9_mean,mfcc_9_std,mfcc_10_mean,mfcc_10_std,mfcc_11_mean,mfcc_11_std,mfcc_12_mean,mfcc_12_std,mfcc_13_mean,mfcc_13_std,spectral_rolloff_mean,spectral_rolloff_std,rms_energy_mean,rms_energy_std,zero_crossing_rate_mean,zero_crossing_rate_std,spectral_centroid_mean,spectral_centroid_std,chroma_mean,chroma_std,spectral_bandwidth_mean,spectral_bandwidth_std,filename,member,phrase,augmentation,is_authorized
-502.8642578125,113.78121948242188,146.31788635253906,77.3346939086914,5.354372024536133,49.64633560180664,20.841039657592773,31.507524490356445,18.821483612060547,20.018383026123047,-4.54569673538208,24.038095474243164,1.7335795164108276,14.35901927947998,4.040332317352295,11.924186706542969,4.123051643371582,12.166394233703613,-4.444525241851807,8.559317588806152,-7.217897415161133,10.746291160583496,5.333286762237549,8.450340270996094,3.7982025146484375,7.357266426086426,3010.9375,2193.623404912093,0.025313811,0.029325966,0.04217122395833333,0.038758016051144276,1773.579131085999,1169.1169050386231,0.5219220519065857,0.2813185751438141,2213.8352471579396,1197.6724059236437,Aubert confirm transaction.wav,Aubert confirm transaction,Aubert confirm transaction,original,1
-485.8548889160156,114.68733978271484,104.8492202758789,76.4661636352539,10.621882438659668,38.938941955566406,19.859661102294922,26.841556549072266,14.999933242797852,22.402923583984375,2.128424882888794,14.624893188476562,10.899432182312012,16.474708557128906,5.9060797691345215,9.178686141967773,-1.7334914207458496,11.141776084899902,-4.187361240386963,8.998029708862305,-3.0045104026794434,7.209121227264404,2.3036129474639893,7.776308536529541,1.3711947202682495,12.297209739685059,3693.1788340336134,1937.8103128872078,0.02776878,0.04640328,0.0506355862657563,0.04972873861825657,2105.8022703116344,1194.1970735069922,0.5708138346672058,0.29159051179885864,2562.1735920697565,1115.3415949704686,Aubert yes approve.wav,Aubert yes approve,Aubert yes approve,original,1
-440.6482238769531,110.5023193359375,124.48126983642578,38.782958984375,-4.611973285675049,39.36742401123047,41.20869064331055,22.94911003112793,-13.323716163635254,20.473344802856445,25.05135726928711,13.567229270935059,1.3480916023254395,8.938210487365723,9.907736778259277,7.528907299041748,-10.021332740783691,9.306413650512695,10.034870147705078,8.931912422180176,-7.763853549957275,7.091785430908203,7.717440128326416,7.824453830718994,-0.16365450620651245,7.001832485198975,7555.525433753944,3253.0987222316935,0.015102744,0.014176501,0.07541095721608833,0.08242861677140101,3472.252187057125,1629.658807940492,0.5274649858474731,0.29839032888412476,3989.084542434733,951.8273021478333,Jade-Confirm transaction.wav,Jade-Confirm transaction,Jade-Confirm transaction,original,1
-436.8311767578125,127.36402130126953,105.7684097290039,37.819252014160156,4.61148738861084,28.86920738220215,47.00611114501953,28.134246826171875,-9.062711715698242,19.45132827758789,18.001792907714844,13.0122709274292,0.7919448018074036,10.861706733703613,9.859662055969238,7.019378662109375,-7.609908580780029,8.865071296691895,8.61903190612793,7.495654582977295,-6.526281356811523,8.450782775878906,3.0460190773010254,8.674776077270508,-4.062209129333496,9.011699676513672,9008.73161764706,3448.4312764319693,0.01914928,0.024022209,0.08680683210784314,0.06949405218555649,4019.6545572268506,1648.433927062577,0.5610559582710266,0.28708213567733765,4319.583629545915,971.6363500522123,"Jade-Yes,Approve.wav","Jade-Yes,Approve","Jade-Yes,Approve",original,1
-439.4872741699219,111.73540496826172,139.0928497314453,62.00008773803711,14.347987174987793,38.231529235839844,10.757973670959473,19.034008026123047,2.5922133922576904,15.132098197937012,0.7930004596710205,14.927279472351074,-3.128725051879883,9.141916275024414,3.119584798812866,9.533056259155273,-3.611083984375,11.041406631469727,-8.047754287719727,13.077933311462402,0.6817149519920349,5.679910182952881,-1.0272345542907715,7.536075592041016,-5.314350605010986,8.156601905822754,3505.8053359683795,3452.749127088566,0.03045261,0.037971217,0.034990272974308304,0.03870321019204323,1944.478196673599,1756.3547077381934,0.48189201951026917,0.3183201253414154,2633.6001648648594,1404.993254630136,liliane confirm transaction.wav,liliane confirm transaction,liliane confirm transaction,original,1
-454.1494445800781,128.25567626953125,78.23655700683594,69.12646484375,23.142070770263672,23.14926528930664,21.07149887084961,18.36359405517578,8.053960800170898,10.801348686218262,7.54441499710083,11.259757041931152,0.23922787606716156,12.164045333862305,4.487187385559082,6.627559661865234,0.32660606503486633,7.8104963302612305,-1.2176185846328735,8.787358283996582,0.5279300808906555,6.66971492767334,-2.2367115020751953,6.9712371826171875,-3.2756857872009277,8.44076919555664,5896.150914634146,3490.092430931239,0.04369562,0.08423268,0.04391752413617886,0.0402947142425832,2790.5732767391187,1758.18797751146,0.5595040917396545,0.28865525126457214,3764.194256411504,1462.2726110601236,liliane yes approve.wav,liliane yes approve,liliane yes approve,original,1
-449.003173828125,92.84294128417969,140.58604431152344,56.88043975830078,14.969606399536133,49.77003479003906,59.653663635253906,43.244041442871094,-23.262304306030273,23.395750045776367,-10.666098594665527,14.374281883239746,27.464330673217773,18.89345359802246,-19.945634841918945,16.70417022705078,-3.594998598098755,13.095946311950684,-6.818217754364014,10.414742469787598,-9.150286674499512,7.0226335525512695,13.172018051147461,15.830574035644531,-13.137838363647461,9.809642791748047,4708.188657407408,4188.271126561041,0.035996992,0.02921222,0.07183762538580248,0.08718605175394777,2704.89726299273,2468.872455530003,0.3875410854816437,0.3231959939002991,2407.2428075272483,1249.3930065956717,pauline confirm transaction.wav,pauline confirm transaction,pauline confirm transaction,original,1
-530.2669677734375,72.8355712890625,115.4077377319336,49.23699188232422,38.7562255859375,31.84162712097168,62.00397872924805,36.86494827270508,-18.92102813720703,28.156904220581055,-4.644881725311279,13.642719268798828,23.913333892822266,21.070165634155273,-21.55353355407715,16.64516258239746,-2.9424407482147217,11.1429443359375,-4.856756687164307,9.15681266784668,-13.290997505187988,11.106614112854004,4.1594462394714355,6.8584113121032715,-16.496906280517578,13.498347282409668,5280.914493865031,4144.66008151264,0.018737748,0.022516267,0.07863724597392638,0.07823467029456498,2985.676619714355,2274.0050366208347,0.4265238344669342,0.32673490047454834,2874.988700250429,1153.6196868079082,pauline yes approve.wav,pauline yes approve,pauline yes approve,original,1
-527.9285278320312,116.42332458496094,136.08737182617188,75.97164154052734,2.0714876651763916,47.82490539550781,21.42656135559082,32.12237548828125,9.96066665649414,22.41241455078125,-7.391039848327637,22.624420166015625,3.7420833110809326,11.144622802734375,3.5298380851745605,14.513083457946777,-0.3702935576438904,10.739781379699707,-9.022226333618164,11.103554725646973,-1.7405250072479248,9.627225875854492,6.742067337036133,6.665582180023193,-1.8828295469284058,7.951187610626221,3417.08984375,2351.938330947986,0.017051658,0.020384455,0.05237630208333333,0.04403946499116794,1953.0550286024472,1227.4744448812048,0.49810561537742615,0.2998015880584717,2221.530107424556,1064.8639676392788,Aubert confirm transaction_Aubert confirm transaction_pitch_up.wav,Aubert confirm transaction,Aubert confirm transaction,pitch_up,1
-532.270263671875,112.32438659667969,142.39401245117188,75.76799011230469,6.175967216491699,48.07184982299805,21.530813217163086,32.21800994873047,18.20745086669922,21.005847930908203,-5.479949474334717,24.38706398010254,1.2948107719421387,14.48831558227539,4.275349140167236,11.844598770141602,3.9342844486236572,12.847208976745605,-5.474941253662109,9.530393600463867,-8.046712875366211,10.039319038391113,5.019672393798828,7.555386543273926,3.414097309112549,7.107638835906982,2974.5703125,2149.560927513177,0.017543701,0.019741284,0.0439404296875,0.037435412098738546,1748.8734088022018,1143.265443266409,0.5281116366386414,0.27785539627075195,2174.4269212575705,1132.8449448548236,Aubert confirm transaction_Aubert confirm transaction_faster.wav,Aubert confirm transaction,Aubert confirm transaction,faster,1
-308.3265896216323,51.217112631696466,43.11437240081897,52.57227106093546,18.906664918875038,31.693394300928286,11.775189991374683,18.006500051902655,6.795892997840075,15.93969849894155,-0.8685032152774852,13.471101060765706,-0.48741478061509536,10.682506767921685,1.625144457772852,6.088957391504128,0.37522399092208414,7.513777810203313,-2.1597383479695966,7.648442621842352,-2.214629162630931,7.30899723767238,0.004256115321021762,6.878856030510605,0.17556678600739772,5.661117600943304,17437.79296875,3892.3121349298344,0.027465586,0.027788058,0.26535237630208336,0.20245873458396244,8760.30919321434,3216.0187400892596,0.6113547486966726,0.28265247123700554,6994.060798018234,587.5553117566741,Aubert confirm transaction_Aubert confirm transaction_noise.wav,Aubert confirm transaction,Aubert confirm transaction,noise,1
-537.91455078125,113.7812271118164,146.31790161132812,77.3346939086914,5.354369163513184,49.646339416503906,20.841039657592773,31.507526397705078,18.821483612060547,20.018383026123047,-4.54569673538208,24.038097381591797,1.7335799932479858,14.35901927947998,4.040332794189453,11.924188613891602,4.12305212020874,12.16639518737793,-4.444525241851807,8.559318542480469,-7.217897891998291,10.746291160583496,5.333287239074707,8.450340270996094,3.7982020378112793,7.357266426086426,3010.9375,2193.623404912093,0.017719667,0.020528177,0.04217122395833333,0.038758016051144276,1773.5791344201652,1169.116907760831,0.5219220519065857,0.2813185751438141,2213.83525493002,1197.672408608371,Aubert confirm transaction_Aubert confirm transaction_volume_low.wav,Aubert confirm transaction,Aubert confirm transaction,volume_low,1
-508.5923156738281,115.05288696289062,96.45951080322266,74.6690673828125,8.819092750549316,34.2945556640625,20.442119598388672,28.48921775817871,11.121912002563477,22.312496185302734,2.434461832046509,11.821555137634277,9.982933044433594,15.671692848205566,0.7541441321372986,13.037881851196289,-4.470617771148682,10.626193046569824,-3.80059552192688,9.816425323486328,-0.28268754482269287,8.097599983215332,2.261422872543335,10.431182861328125,-0.28035908937454224,11.283109664916992,4059.1189600840335,2027.2509585080848,0.020320423,0.034677885,0.05799057904411765,0.05582635977086702,2234.2773764631297,1243.3165799706685,0.5395187735557556,0.29166945815086365,2513.7267567814947,987.0583193782545,Aubert yes approve_Aubert yes approve_pitch_up.wav,Aubert yes approve,Aubert yes approve,pitch_up,1
-517.9088134765625,115.0453109741211,105.34681701660156,76.54396057128906,9.46114730834961,37.31594467163086,20.300180435180664,26.267873764038086,16.07329559326172,21.923784255981445,2.4739294052124023,13.930856704711914,11.307708740234375,16.61016845703125,6.287187099456787,9.130882263183594,-1.7707878351211548,10.958159446716309,-4.2810258865356445,9.318912506103516,-2.8735148906707764,7.163290023803711,2.5293376445770264,7.983386516571045,1.3576358556747437,12.643608093261719,3700.757575757576,1899.7230582006616,0.020488592,0.03355972,0.05019432607323232,0.04667306578501414,2070.6896461782508,1154.3493085260343,0.5605534911155701,0.2927582263946533,2544.3042558435595,1112.3084134548294,Aubert yes approve_Aubert yes approve_faster.wav,Aubert yes approve,Aubert yes approve,faster,1
-313.9387437118197,57.105178019065896,33.42365531046118,52.77839584256747,11.796496941692796,23.975710072362098,11.633794168073306,19.609414270129264,8.46110017290489,17.623667670559815,1.7911703949744537,9.947559955772142,3.026155906325803,11.598489214355466,1.8821909302411879,6.67639266115251,-2.367358115123478,9.223990083293293,-2.9648063556957878,8.070620746670443,-3.0776599579917585,6.334116358334788,-2.16113712363927,6.347363085792337,-1.156177396666731,8.060718995216105,17117.056197478993,5099.08519548134,0.030545885,0.04491418,0.34044692095588236,0.1965533646825442,9365.5390897225,3478.6376652909926,0.6502061123907846,0.2864225872405229,6711.547762596893,681.706926035236,Aubert yes approve_Aubert yes approve_noise.wav,Aubert yes approve,Aubert yes approve,noise,1
-520.9052124023438,114.68733978271484,104.8492202758789,76.4661636352539,10.621883392333984,38.93893814086914,19.859657287597656,26.841554641723633,14.999932289123535,22.402923583984375,2.128425121307373,14.624893188476562,10.899430274963379,16.474708557128906,5.9060797691345215,9.178685188293457,-1.733492374420166,11.141777038574219,-4.187361240386963,8.998029708862305,-3.0045106410980225,7.209122657775879,2.3036129474639893,7.776309013366699,1.3711947202682495,12.297209739685059,3693.1788340336134,1937.8103128872078,0.019438146,0.032482296,0.0506355862657563,0.04972873861825657,2105.802269826768,1194.1970727003247,0.5708138942718506,0.29159051179885864,2562.173607436895,1115.341561616699,Aubert yes approve_Aubert yes approve_volume_low.wav,Aubert yes approve,Aubert yes approve,volume_low,1
-466.7616271972656,110.4561538696289,112.19837188720703,39.009822845458984,1.6079179048538208,35.00271224975586,31.98155403137207,23.82074546813965,-9.753612518310547,20.628971099853516,22.595497131347656,11.55495548248291,0.9216693639755249,9.565403938293457,3.019778251647949,9.072891235351562,-7.887832164764404,8.822754859924316,9.272077560424805,8.896888732910156,-8.429997444152832,7.978861331939697,12.237013816833496,10.272237777709961,-12.078397750854492,7.1939191818237305,8596.38702681388,3646.2566235913196,0.010825447,0.010112059,0.08912750147870663,0.09286990417447348,3965.7995158621943,1821.6695065702415,0.4902554154396057,0.299988716840744,4462.231762174325,930.9703462635883,Jade-Confirm transaction_Jade-Confirm transaction_pitch_up.wav,Jade-Confirm transaction,Jade-Confirm transaction,pitch_up,1
-474.5769348144531,110.56255340576172,121.48192596435547,38.32669448852539,-4.233966827392578,39.067893981933594,39.50044250488281,23.312232971191406,-14.083050727844238,21.125308990478516,22.71152114868164,13.46622085571289,2.2179880142211914,9.276490211486816,8.726286888122559,7.907695770263672,-9.441461563110352,9.105613708496094,10.467998504638672,8.693388938903809,-7.466090679168701,7.3192853927612305,7.483199119567871,7.289960861206055,0.04835047945380211,7.095078468322754,7812.411221590909,3239.953042645484,0.009811725,0.009430888,0.08136726148200757,0.07929394900313771,3612.314705585733,1575.6133621883494,0.5153748393058777,0.2907096743583679,4071.8824050515736,890.3206998692889,Jade-Confirm transaction_Jade-Confirm transaction_faster.wav,Jade-Confirm transaction,Jade-Confirm transaction,faster,1
-305.55719972878916,43.601575256997194,35.07889471994722,31.767606535351437,15.51317293875298,25.33510679922879,16.8291048704664,13.946475381080488,6.815992894100134,13.460831172916611,7.505349025936984,9.851198132753426,8.709760497070782,7.289476752730957,1.9030704308013882,6.0161959551536786,-0.35151619165280207,6.1917911190687285,1.0630758332178234,6.2299834976997115,-0.8761497742617371,5.762643397539196,2.3402432208167645,6.377111732852445,0.8786065934708868,5.9435085850862714,18293.301458990536,2770.9410998416656,0.016950987,0.012917029,0.2838408172318612,0.16281369012939417,9458.249245325758,2119.7225864907105,0.5942666110796045,0.29175429927661983,7085.905682535867,814.0669595214679,Jade-Confirm transaction_Jade-Confirm transaction_noise.wav,Jade-Confirm transaction,Jade-Confirm transaction,noise,1
-475.69854736328125,110.50231170654297,124.48126983642578,38.782958984375,-4.6119704246521,39.36742401123047,41.20868682861328,22.94911003112793,-13.323713302612305,20.473342895507812,25.05135726928711,13.567228317260742,1.348093032836914,8.938210487365723,9.907736778259277,7.52890682220459,-10.021332740783691,9.306413650512695,10.034870147705078,8.931912422180176,-7.763853073120117,7.091785907745361,7.7174391746521,7.824453353881836,-0.1636544167995453,7.001832485198975,7555.451498422713,3253.2110451122808,0.01057192,0.009923551,0.07541095721608833,0.08242861677140101,3472.2521809540726,1629.6588150362109,0.5274649858474731,0.29839035868644714,3989.0845311709536,951.8273114094628,Jade-Confirm transaction_Jade-Confirm transaction_volume_low.wav,Jade-Confirm transaction,Jade-Confirm transaction,volume_low,1
-467.64605712890625,129.22250366210938,96.7162857055664,36.1906623840332,10.180025100708008,25.776914596557617,40.964778900146484,25.215673446655273,-9.067540168762207,19.729164123535156,17.380300521850586,14.506507873535156,0.3887774348258972,11.14061164855957,5.593434810638428,7.481424808502197,-6.585350036621094,7.6631340980529785,7.763116359710693,9.101761817932129,-9.719858169555664,10.681148529052734,6.66110372543335,12.558666229248047,-8.270812034606934,6.630723476409912,10289.98161764706,3400.875332470427,0.011921368,0.014736596,0.10354626225490196,0.07808745433350696,4613.914328620488,1690.4201798970948,0.5355905294418335,0.28564825654029846,4866.108296142774,844.1634652481803,"Jade-Yes,Approve_Jade-Yes,Approve_pitch_up.wav","Jade-Yes,Approve","Jade-Yes,Approve",pitch_up,1
-476.57318115234375,129.0053253173828,106.03094482421875,36.95798873901367,1.2482051849365234,28.13172149658203,49.81880187988281,27.983163833618164,-11.567861557006836,20.773618698120117,18.334386825561523,13.502065658569336,-0.9166083931922913,11.577113151550293,10.00243091583252,6.574694633483887,-9.964038848876953,8.966336250305176,8.403022766113281,7.325011253356934,-8.42631721496582,8.713088035583496,2.6569931507110596,9.063674926757812,-3.6759111881256104,9.574503898620605,9401.422464622641,3061.0514556544804,0.010526498,0.0127238445,0.09756642467570754,0.07087695142911556,4197.981800438072,1485.3484696675785,0.5514630675315857,0.2854761779308319,4439.145699292079,837.7318738242603,"Jade-Yes,Approve_Jade-Yes,Approve_faster.wav","Jade-Yes,Approve","Jade-Yes,Approve",faster,1
-304.1173866997741,51.68521029889424,34.64935953258852,34.888702129716215,17.212799841580164,20.160329434295416,19.33120034577561,20.3659461515405,5.261297674654662,11.091402991915789,4.616402348759959,7.393596553563316,5.289414188926331,7.783838044674437,1.6636416910578846,6.121553051287373,0.80762448889885,5.93552324621398,2.3664145891821873,5.333512050034535,-0.7953354464501686,5.677434306228867,-0.8207977141909512,7.807084422141275,-1.5998619780165386,6.58211728496303,18059.375,2946.5662558150784,0.02124338,0.02272608,0.2989583333333333,0.17796576571178643,9389.617262303647,2503.229170346364,0.6406178656769413,0.2796723241464005,6988.994668818557,688.5318008276062,"Jade-Yes,Approve_Jade-Yes,Approve_noise.wav","Jade-Yes,Approve","Jade-Yes,Approve",noise,1
-471.8815612792969,127.36402130126953,105.76841735839844,37.819252014160156,4.611485004425049,28.86920738220215,47.00611877441406,28.134246826171875,-9.062712669372559,19.45132827758789,18.001792907714844,13.0122709274292,0.7919428944587708,10.861706733703613,9.859662055969238,7.019378662109375,-7.609910011291504,8.865071296691895,8.619032859802246,7.495654582977295,-6.526281833648682,8.450782775878906,3.0460188388824463,8.674776077270508,-4.062208652496338,9.011699676513672,9008.73161764706,3448.4312764319693,0.013404495,0.016815545,0.08680683210784314,0.06949405218555649,4019.654552714483,1648.433927751036,0.5610559582710266,0.28708213567733765,4319.5836226143365,971.6363519953886,"Jade-Yes,Approve_Jade-Yes,Approve_volume_low.wav","Jade-Yes,Approve","Jade-Yes,Approve",volume_low,1
-465.7681579589844,114.88005065917969,134.71865844726562,60.81442642211914,11.103388786315918,36.206783294677734,10.143205642700195,20.052560806274414,0.05534842237830162,15.422586441040039,-0.4790075123310089,13.970158576965332,-2.098592519760132,10.327573776245117,2.1059510707855225,10.57197093963623,-7.970278263092041,12.388518333435059,-5.192022800445557,10.822627067565918,2.1286981105804443,7.814416408538818,-4.229592323303223,8.080866813659668,-3.623427152633667,5.741580009460449,4176.506916996047,4046.4512220026836,0.021891126,0.026454141,0.04566684165019763,0.05525753143538306,2303.287270480228,2096.7995132099995,0.4616393744945526,0.318578839302063,3004.2944598405593,1514.295029170983,liliane confirm transaction_liliane confirm transaction_pitch_up.wav,liliane confirm transaction,liliane confirm transaction,pitch_up,1
-477.7717590332031,116.77189636230469,142.66944885253906,62.321285247802734,12.357868194580078,37.9992790222168,13.078893661499023,19.875642776489258,2.0503172874450684,16.179805755615234,0.8356122374534607,15.416940689086914,-3.0851354598999023,9.618429183959961,3.860110282897949,9.616366386413574,-3.226466655731201,10.558697700500488,-8.839691162109375,13.25108814239502,0.1787564903497696,6.364089012145996,-0.9601815938949585,6.693981647491455,-6.014338970184326,7.788086414337158,3748.6670616113743,3760.0001290703935,0.023368167,0.027726537,0.041566387736966824,0.050803491309249035,2030.5734894663094,1834.3715507419963,0.47331079840660095,0.315710186958313,2734.880263218462,1479.8861732707815,liliane confirm transaction_liliane confirm transaction_faster.wav,liliane confirm transaction,liliane confirm transaction,faster,1
-297.6513806500547,53.19799095291834,50.72834887233417,44.901201576477035,19.47893509822619,27.022575308662372,10.32322507967527,13.595152566057688,4.163528340513125,12.764274205204302,0.2955571156468196,10.361941068594604,0.08506223177734905,7.0030964586595,-0.48099312316277865,7.805469841483516,-2.2455746105208116,9.57176609716611,-4.576511909588753,9.063235669372204,-3.1570790751506967,6.39514220670284,-1.0071653274390706,6.782140255563995,-1.7629964370468767,5.701271968628694,16954.020503952568,4302.76023245391,0.032305066,0.036779474,0.2561797492588933,0.18722433772701147,8477.089091515676,3198.401678913451,0.5900882421226955,0.3119973021872312,6946.794196333298,687.9091820311422,liliane confirm transaction_liliane confirm transaction_noise.wav,liliane confirm transaction,liliane confirm transaction,noise,1
-474.53759765625,111.73539733886719,139.0928497314453,62.00008773803711,14.347990036010742,38.231529235839844,10.757972717285156,19.034006118774414,2.592212677001953,15.132097244262695,0.7930002808570862,14.92728042602539,-3.1287248134613037,9.141916275024414,3.119584798812866,9.533056259155273,-3.611083507537842,11.041407585144043,-8.047755241394043,13.077932357788086,0.6817141175270081,5.679910659790039,-1.027234673500061,7.536076068878174,-5.314350605010986,8.156600952148438,3505.8053359683795,3452.749127088566,0.021316826,0.026579851,0.034990272974308304,0.03870321019204323,1944.4781937182627,1756.3547053973077,0.48189201951026917,0.3183201253414154,2633.600154167457,1404.9932608088684,liliane confirm transaction_liliane confirm transaction_volume_low.wav,liliane confirm transaction,liliane confirm transaction,volume_low,1
-485.5710144042969,133.80455017089844,78.19810485839844,69.14482879638672,22.086252212524414,21.0296630859375,19.418228149414062,17.135908126831055,7.06080961227417,10.64260482788086,5.893438339233398,11.637466430664062,0.17385293543338776,10.590154647827148,4.123536586761475,7.120001792907715,-1.8426977396011353,8.055334091186523,-0.6911882162094116,8.184267044067383,-1.074894905090332,6.610381126403809,-3.8100688457489014,8.778656005859375,-1.5479061603546143,5.9363484382629395,6556.465955284553,3780.1913104045248,0.030879263,0.05874457,0.05576595316734417,0.06425379179056334,3105.606135324549,1956.2765263096787,0.523919403553009,0.29480668902397156,4099.293129541987,1480.7655517953228,liliane yes approve_liliane yes approve_pitch_up.wav,liliane yes approve,liliane yes approve,pitch_up,1
-479.5733947753906,125.08275604248047,74.02545166015625,70.50679016113281,20.591999053955078,21.172317504882812,20.385128021240234,18.37720489501953,8.340675354003906,10.107892990112305,7.052701950073242,10.496611595153809,0.05361530929803848,11.62858772277832,3.475323438644409,6.927353858947754,-0.3308158218860626,7.7259440422058105,-1.6351439952850342,8.183640480041504,0.2216688096523285,6.763948440551758,-2.377469301223755,7.081276893615723,-3.0624587535858154,7.686227798461914,6112.606881107492,3526.5740215055985,0.027248768,0.051754467,0.050463151465798044,0.05280104303118661,2896.845582377122,1812.8285865533153,0.5461513996124268,0.28968942165374756,3850.7116743090833,1402.3203820330855,liliane yes approve_liliane yes approve_faster.wav,liliane yes approve,liliane yes approve,faster,1
-311.34721510241116,70.88153119355964,33.416050828167805,58.510067584124926,12.550103371887017,21.93584622684385,9.67076891329142,16.58701518644225,4.587383335113227,9.347977415642431,2.99410616992653,9.374137308018248,1.4378939167285398,8.688219349920654,1.0526988132319448,6.6623979949395125,0.2137874391905071,6.33696216301117,-0.5024217698036262,6.402909758937536,0.15842184352041955,6.079995569276274,-1.2224275577944883,7.202138171187375,-2.157644227425098,7.091376846850946,16822.662601626016,6188.460844207004,0.04671286,0.08274992,0.3545583502710027,0.19715536639558348,9478.29607213848,3767.7555904847077,0.7073257896565569,0.2512456898276376,6579.188630670905,927.1831447700134,liliane yes approve_liliane yes approve_noise.wav,liliane yes approve,liliane yes approve,noise,1
-489.19976806640625,128.25567626953125,78.23656463623047,69.12646484375,23.142074584960938,23.14926528930664,21.07149887084961,18.36359405517578,8.053960800170898,10.801350593566895,7.54441499710083,11.259757041931152,0.2392275482416153,12.164045333862305,4.487188339233398,6.627559661865234,0.3266056478023529,7.8104963302612305,-1.2176188230514526,8.787358283996582,0.5279299020767212,6.669714450836182,-2.2367119789123535,6.971237659454346,-3.2756857872009277,8.440770149230957,5896.150914634146,3490.092430931239,0.030586936,0.058962874,0.04391752413617886,0.0402947142425832,2790.5732710250586,1758.1879766261802,0.5595041513442993,0.28865525126457214,3764.1942467822814,1462.2726139235692,liliane yes approve_liliane yes approve_volume_low.wav,liliane yes approve,liliane yes approve,volume_low,1
-478.3702697753906,95.34797668457031,138.0189971923828,56.79471206665039,14.520559310913086,43.18143844604492,54.78477096557617,47.09419250488281,-38.31905746459961,26.902624130249023,4.731925964355469,17.099836349487305,19.51382827758789,11.215790748596191,-26.13780975341797,18.346830368041992,2.2899582386016846,11.83448600769043,-13.33837604522705,10.994566917419434,2.821012496948242,14.433192253112793,3.4293932914733887,10.355185508728027,-22.533355712890625,10.126644134521484,5143.084490740741,4141.832683351009,0.022502832,0.01746922,0.10428120177469136,0.12154081821465434,3006.322001454752,2551.0347734037473,0.3726508915424347,0.3265534043312073,2629.657757814248,1114.3788082886674,pauline confirm transaction_pauline confirm transaction_pitch_up.wav,pauline confirm transaction,pauline confirm transaction,pitch_up,1
-472.73785400390625,89.7727279663086,131.62112426757812,54.14080047607422,20.041841506958008,48.75961685180664,58.90110397338867,42.94192123413086,-22.472455978393555,24.68085289001465,-9.337667465209961,13.931167602539062,26.721054077148438,19.13370132446289,-19.586381912231445,17.04925537109375,-4.90146541595459,12.625258445739746,-8.427751541137695,10.991080284118652,-10.026238441467285,7.744731426239014,12.47407341003418,16.666601181030273,-13.462713241577148,9.279500007629395,4767.013888888889,3868.6609107021254,0.02666431,0.021937544,0.08587962962962963,0.09941593225269241,2680.747756169396,2314.0518567651293,0.3757067918777466,0.32898011803627014,2428.6423783601667,1179.5384701827368,pauline confirm transaction_pauline confirm transaction_faster.wav,pauline confirm transaction,pauline confirm transaction,faster,1
-295.7636782088675,39.51620817419044,45.472526715186916,38.26981823480252,26.44633669900802,29.06788699727294,28.677497116481604,27.884803311218693,0.1996946644700884,15.912721079478093,-1.291475562282547,12.388177320229415,5.877422429505035,15.505154003701143,-6.967102922049491,10.213920856590763,-3.5977067479974276,9.726448015916022,-5.224922928924933,6.995569290616282,-5.802402111422133,6.7272215690718555,2.8041993491640236,12.035172820882895,-5.408600938040119,7.107207451209023,16287.471064814816,3815.912996015332,0.037081614,0.028297499,0.20493043499228394,0.1540137884659518,8007.370123438854,2602.1817222914433,0.4293256246638647,0.3260229828039372,6765.907770255043,1168.294087361543,pauline confirm transaction_pauline confirm transaction_noise.wav,pauline confirm transaction,pauline confirm transaction,noise,1
-484.05352783203125,92.84294128417969,140.58602905273438,56.88043975830078,14.969610214233398,49.7700309753418,59.653663635253906,43.244041442871094,-23.262304306030273,23.395750045776367,-10.666096687316895,14.374281883239746,27.464330673217773,18.893455505371094,-19.945632934570312,16.70417022705078,-3.594998598098755,13.095945358276367,-6.818216800689697,10.414741516113281,-9.150286674499512,7.022634029388428,13.172017097473145,15.830575942993164,-13.137838363647461,9.80964183807373,4708.188657407408,4188.271126561041,0.025197895,0.020448554,0.07183762538580248,0.08718605175394777,2704.8972722481662,2468.8724517360365,0.3875410854816437,0.3231959939002991,2407.2428381447567,1249.3929988639056,pauline confirm transaction_pauline confirm transaction_volume_low.wav,pauline confirm transaction,pauline confirm transaction,volume_low,1
-556.0941772460938,71.471923828125,107.74283599853516,50.14834976196289,43.16118621826172,28.14456558227539,51.340087890625,35.02091598510742,-28.618967056274414,29.260082244873047,7.0505595207214355,15.270018577575684,12.249958992004395,16.784147262573242,-25.05484962463379,18.659221649169922,2.1712474822998047,9.515426635742188,-12.492488861083984,14.041568756103516,-4.971092700958252,8.413896560668945,-1.0195015668869019,7.585408687591553,-15.023818016052246,13.180727005004883,5927.386886503067,4138.082958084628,0.011921516,0.014070847,0.11346997220092024,0.11103252664834154,3338.95794495788,2345.4237945236023,0.4128359258174896,0.32415610551834106,3070.2685421372407,1030.921771086267,pauline yes approve_pauline yes approve_pitch_up.wav,pauline yes approve,pauline yes approve,pitch_up,1
-559.3421630859375,68.2332763671875,109.53693389892578,48.118343353271484,40.623775482177734,29.924673080444336,60.92933654785156,37.31166458129883,-19.24887466430664,28.821304321289062,-5.045891761779785,14.025529861450195,22.74027442932129,21.344980239868164,-21.040939331054688,17.37516212463379,-3.318178415298462,11.551063537597656,-5.740556716918945,9.697508811950684,-13.270251274108887,11.609414100646973,3.8420472145080566,7.1712117195129395,-16.706480026245117,12.733600616455078,5393.899356617647,3949.2076763835903,0.012110295,0.013923463,0.09577134076286764,0.09225591957430164,3001.8002631709746,2151.9340950861324,0.41755422949790955,0.3253655731678009,2878.9502271899573,1105.1435738477367,pauline yes approve_pauline yes approve_faster.wav,pauline yes approve,pauline yes approve,faster,1
-326.9080507973527,24.682108182916384,26.052384201236332,29.743289063975343,24.43132597576291,20.891762506294064,21.91004487098742,16.875406494571454,5.224143535208595,12.445306480239887,2.9666081933790474,8.822740268302038,2.5768465352980603,9.584484189572189,-6.300942361213267,7.175884701702913,-3.7010161747739696,5.980043869097058,-4.7611318845190285,6.915754928009249,-8.718146729992696,8.373557060755765,-4.693229074933614,6.406993614646173,-5.509966040378673,7.601136014417786,18743.38573619632,1767.7575444842691,0.020809839,0.021204868,0.29374460793711654,0.18231775725801735,9542.571123637943,2388.991097869349,0.5189595266188824,0.33905029064971975,7143.1650452632775,485.32301975012615,pauline yes approve_pauline yes approve_noise.wav,pauline yes approve,pauline yes approve,noise,1
-565.3173217773438,72.8355712890625,115.4077377319336,49.23699188232422,38.7562255859375,31.841629028320312,62.00397872924805,36.86494827270508,-18.9210262298584,28.156906127929688,-4.644881248474121,13.642720222473145,23.913331985473633,21.070165634155273,-21.553531646728516,16.645164489746094,-2.9424400329589844,11.1429443359375,-4.856758117675781,9.15681266784668,-13.290999412536621,11.106614112854004,4.159445762634277,6.858410835266113,-16.496902465820312,13.498346328735352,5280.914493865031,4144.66008151264,0.013116423,0.015761388,0.07863724597392638,0.07823467029456498,2985.6766107689364,2274.005041020343,0.4265238344669342,0.3267349600791931,2874.9886637018844,1153.619723582662,pauline yes approve_pauline yes approve_volume_low.wav,pauline yes approve,pauline yes approve,volume_low,1
-418.90325927734375,118.98613739013672,114.49463653564453,79.07107543945312,-1.687930703163147,44.85795593261719,4.321968078613281,21.849124908447266,-0.47345373034477234,18.02406883239746,-9.46755599975586,24.959131240844727,9.819833755493164,9.75250244140625,-2.1852338314056396,11.200019836425781,-14.427800178527832,19.452102661132812,-0.8748353123664856,8.541967391967773,1.9940810203552246,8.85788631439209,0.12413174659013748,8.519613265991211,0.4096018671989441,6.263510227203369,3433.2651869158876,2030.263869286738,0.047200672,0.06717177,0.04556302935163552,0.03632832408539561,1960.0231842519079,1061.5689433205935,0.4769335985183716,0.31986552476882935,2258.838562823972,1145.1302923840992,unauthorized Confirm transaction.wav,unauthorized,unknown,original,0
-481.92132568359375,113.30413818359375,85.14472198486328,82.13506317138672,9.476540565490723,22.068683624267578,10.303982734680176,24.52578353881836,10.588101387023926,13.685025215148926,3.6319332122802734,15.101297378540039,7.952274799346924,10.416525840759277,-1.7349528074264526,15.460729598999023,-8.85844898223877,19.32777976989746,-1.0869224071502686,10.84631633758545,1.6221965551376343,6.505397796630859,-0.9788381457328796,9.553688049316406,-0.7783257961273193,7.56380558013916,4123.810279187817,2002.1105967511883,0.028879872,0.05109715,0.0396920605964467,0.027050244089975035,2203.349108523587,1068.8752098124698,0.5615212917327881,0.32265880703926086,2948.8400146761437,1377.821475297193,unauthorized yes approve.wav,unauthorized,unknown,original,0
